ASV	Kingdom	Phylum	Class	Order	Family	Genus	Species	Total_Reads	Mean_Abundance	Max_Abundance	N_Samples
ASV35	Bacteria	Bacillota	Bacilli	Staphylococcales	Staphylococcaceae	Staphylococcus	NA	5363	487.54545454545456	1364	8
ASV56	Bacteria	Bacillota	Bacilli	Staphylococcales	Staphylococcaceae	Staphylococcus	NA	3662	332.90909090909093	984	9
ASV180	Bacteria	Bacillota	Bacilli	Staphylococcales	Staphylococcaceae	Staphylococcus	NA	1215	110.45454545454545	439	5
ASV218	Bacteria	Bacillota	Bacilli	Staphylococcales	Staphylococcaceae	Macrococcus	NA	932	84.72727272727273	252	7
ASV334	Bacteria	Bacillota	Bacilli	Staphylococcales	Staphylococcaceae	Staphylococcus	NA	766	69.63636363636364	416	5
ASV371	Bacteria	Bacillota	Bacilli	Staphylococcales	Staphylococcaceae	Staphylococcus	NA	709	64.45454545454545	597	3
ASV382	Bacteria	Pseudomonadota	Alphaproteobacteria	Acetobacterales	Acetobacteraceae	NA	NA	701	63.72727272727273	701	1
ASV541	Bacteria	Bacillota	Bacilli	Staphylococcales	Staphylococcaceae	Staphylococcus	NA	544	49.45454545454545	511	2
ASV331	Bacteria	Bacillota	Bacilli	Staphylococcales	Staphylococcaceae	Staphylococcus	NA	534	48.54545454545455	243	3
ASV506	Bacteria	Bacillota	Bacilli	Staphylococcales	Staphylococcaceae	Staphylococcus	NA	492	44.72727272727273	265	4
ASV781	Bacteria	Actinomycetota	Actinobacteria	Mycobacteriales	Dietziaceae	Dietzia	papillomatosis	443	40.27272727272727	357	2
ASV510	Bacteria	Bacillota	Bacilli	Staphylococcales	Staphylococcaceae	Staphylococcus	NA	353	32.09090909090909	156	3
ASV881	Bacteria	Pseudomonadota	Gammaproteobacteria	Burkholderiales	Oxalobacteraceae	Noviherbaspirillum	NA	324	29.454545454545453	296	2
ASV808	Bacteria	Bacillota	Bacilli	Staphylococcales	Staphylococcaceae	Staphylococcus	NA	282	25.636363636363637	208	2
ASV1152	Bacteria	Actinomycetota	Actinobacteria	Actinomycetales	Actinomycetaceae	Mobiluncus	NA	248	22.545454545454547	248	1
ASV888	Bacteria	Bacillota	Bacilli	Staphylococcales	Staphylococcaceae	Staphylococcus	NA	246	22.363636363636363	57	5
ASV889	Bacteria	Actinomycetota	Actinobacteria	Micrococcales	Intrasporangiaceae	Knoellia	sinensis	243	22.09090909090909	143	2
ASV1574	Bacteria	Bacillota	Bacilli	Staphylococcales	Staphylococcaceae	Nosocomiicoccus	NA	216	19.636363636363637	216	1
ASV1277	Bacteria	Pseudomonadota	Gammaproteobacteria	Burkholderiales	Oxalobacteraceae	Massilia	violaceinigra	150	13.636363636363637	150	1
ASV1925	Bacteria	Bacillota	Clostridia	Peptostreptococcales-Tissierellales	Family XI	Anaerococcus	NA	137	12.454545454545455	128	2
ASV1832	Bacteria	Bacillota	Bacilli	Staphylococcales	Staphylococcaceae	Staphylococcus	NA	136	12.363636363636363	62	3
ASV2585	Bacteria	Bacillota	Bacilli	Staphylococcales	Staphylococcaceae	Staphylococcus	NA	132	12	132	1
ASV1632	Bacteria	Bacteroidota	Bacteroidia	Flavobacteriales	Weeksellaceae	Chryseobacterium	NA	131	11.909090909090908	131	1
ASV1397	Bacteria	Bacillota	Bacilli	Staphylococcales	Staphylococcaceae	Macrococcus	NA	121	11	60	3
ASV3503	Bacteria	Bacillota	Bacilli	Staphylococcales	Staphylococcaceae	Staphylococcus	NA	121	11	121	1
ASV2028	Bacteria	Bacillota	Bacilli	Staphylococcales	Staphylococcaceae	Jeotgalicoccus	NA	112	10.181818181818182	112	1
ASV3017	Bacteria	Bacillota	Bacilli	Staphylococcales	Staphylococcaceae	Staphylococcus	NA	105	9.545454545454545	105	1
ASV1377	Bacteria	Bacillota	Bacilli	Staphylococcales	Staphylococcaceae	Staphylococcus	NA	103	9.363636363636363	103	1
ASV1864	Bacteria	Pseudomonadota	Alphaproteobacteria	Hyphomicrobiales	Beijerinckiaceae	NA	NA	101	9.181818181818182	101	1
ASV2173	Bacteria	Actinomycetota	Actinobacteria	Micrococcales	Micrococcaceae	Paenarthrobacter	NA	100	9.090909090909092	60	2
ASV2251	Bacteria	Actinomycetota	Actinobacteria	Propionibacteriales	Nocardioidaceae	Nocardioides	NA	97	8.818181818181818	59	2
ASV3589	Bacteria	Bacillota	Bacilli	Staphylococcales	Staphylococcaceae	Staphylococcus	NA	97	8.818181818181818	97	1
ASV1713	Bacteria	Bacillota	Clostridia	Oscillospirales	Oscillospiraceae	UCG-002	NA	95	8.636363636363637	73	2
ASV1680	Bacteria	Bacillota	Bacilli	Staphylococcales	Staphylococcaceae	Staphylococcus	NA	94	8.545454545454545	94	1
ASV2349	Bacteria	Bacillota	Bacilli	Staphylococcales	Staphylococcaceae	Macrococcus	NA	94	8.545454545454545	76	2
ASV2143	Bacteria	Bacillota	Bacilli	Staphylococcales	Staphylococcaceae	Auricoccus-Abyssicoccus	NA	89	8.090909090909092	89	1
ASV3446	Bacteria	Bacillota	Bacilli	Staphylococcales	Staphylococcaceae	Staphylococcus	NA	86	7.818181818181818	86	1
ASV4481	Bacteria	Bacillota	Bacilli	Staphylococcales	Staphylococcaceae	Staphylococcus	NA	71	6.454545454545454	71	1
ASV3681	Bacteria	Bacillota	Bacilli	Staphylococcales	Staphylococcaceae	Staphylococcus	NA	67	6.090909090909091	67	1
ASV4103	Bacteria	Bacillota	Bacilli	Staphylococcales	Staphylococcaceae	Staphylococcus	NA	67	6.090909090909091	67	1
ASV3724	Bacteria	Bacillota	Bacilli	Staphylococcales	Staphylococcaceae	Staphylococcus	NA	62	5.636363636363637	47	2
ASV2678	Bacteria	Bacillota	Bacilli	Staphylococcales	Staphylococcaceae	Jeotgalicoccus	NA	61	5.545454545454546	61	1
ASV4158	Bacteria	Actinomycetota	Actinobacteria	Mycobacteriales	Corynebacteriaceae	Corynebacterium	NA	58	5.2727272727272725	58	1
ASV3302	Bacteria	Pseudomonadota	Gammaproteobacteria	Burkholderiales	Oxalobacteraceae	Massilia	NA	55	5	37	2
ASV4242	Bacteria	Bacillota	Bacilli	Staphylococcales	Staphylococcaceae	Staphylococcus	NA	55	5	55	1
ASV4880	Bacteria	Bacillota	Bacilli	Staphylococcales	Staphylococcaceae	Staphylococcus	NA	55	5	55	1
ASV3152	Bacteria	Bacillota	Bacilli	Staphylococcales	Staphylococcaceae	Staphylococcus	epidermidis	51	4.636363636363637	51	1
ASV4804	Bacteria	Pseudomonadota	Alphaproteobacteria	Hyphomicrobiales	Xanthobacteraceae	Azorhizobium	NA	48	4.363636363636363	48	1
ASV4059	Bacteria	Bacillota	Bacilli	Staphylococcales	Staphylococcaceae	Staphylococcus	NA	43	3.909090909090909	43	1
ASV4879	Bacteria	Bacillota	Bacilli	Staphylococcales	Staphylococcaceae	Staphylococcus	NA	43	3.909090909090909	43	1
ASV4157	Bacteria	Actinomycetota	Actinobacteria	Actinomycetales	Actinomycetaceae	Actinomyces	NA	40	3.6363636363636362	40	1
ASV4606	Bacteria	Bacillota	Bacilli	Staphylococcales	Staphylococcaceae	Staphylococcus	NA	39	3.5454545454545454	39	1
ASV4142	Bacteria	Bacillota	Negativicutes	Veillonellales-Selenomonadales	Veillonellaceae	Veillonella	NA	37	3.3636363636363638	37	1
ASV4468	Bacteria	Actinomycetota	Actinobacteria	Micrococcales	Dermabacteraceae	Brachybacterium	conglomeratum	36	3.272727272727273	34	2
ASV4802	Bacteria	Actinomycetota	Actinobacteria	Actinomycetales	Actinomycetaceae	Actinomyces	NA	35	3.1818181818181817	35	1
ASV5013	Bacteria	Actinomycetota	Actinobacteria	Micrococcales	Intrasporangiaceae	Lapillicoccus	NA	35	3.1818181818181817	35	1
ASV3762	Bacteria	Bacillota	Bacilli	Erysipelotrichales	Erysipelotrichaceae	[Clostridium] innocuum group	NA	34	3.090909090909091	34	1
ASV4480	Bacteria	Bacillota	Bacilli	Staphylococcales	Staphylococcaceae	Staphylococcus	NA	33	3	33	1
ASV4574	Bacteria	Bacillota	Bacilli	Staphylococcales	Staphylococcaceae	Staphylococcus	NA	31	2.8181818181818183	17	2
ASV4719	Bacteria	Actinomycetota	Actinobacteria	Propionibacteriales	Propionibacteriaceae	Cutibacterium	NA	31	2.8181818181818183	31	1
ASV4597	Bacteria	Pseudomonadota	Gammaproteobacteria	Lysobacterales	Lysobacteraceae	Xanthomonas	NA	29	2.6363636363636362	29	1
ASV5061	Bacteria	Bacillota	Clostridia	Peptostreptococcales-Tissierellales	Family XI	Finegoldia	NA	29	2.6363636363636362	29	1
ASV5234	Bacteria	Pseudomonadota	Gammaproteobacteria	Enterobacterales	Pasteurellaceae	Haemophilus	NA	28	2.5454545454545454	28	1
ASV4339	Bacteria	Bacillota	Bacilli	Staphylococcales	Staphylococcaceae	Staphylococcus	NA	27	2.4545454545454546	15	2
ASV4763	Bacteria	Actinomycetota	Actinobacteria	Propionibacteriales	Propionibacteriaceae	Cutibacterium	NA	27	2.4545454545454546	27	1
ASV5285	Bacteria	Actinomycetota	Actinobacteria	Mycobacteriales	Corynebacteriaceae	Corynebacterium	NA	27	2.4545454545454546	27	1
ASV5318	Bacteria	Bacillota	Bacilli	Staphylococcales	Staphylococcaceae	Staphylococcus	NA	27	2.4545454545454546	27	1
ASV4895	Bacteria	Actinomycetota	Actinobacteria	Mycobacteriales	Corynebacteriaceae	Corynebacterium	NA	26	2.3636363636363638	26	1
ASV4952	Bacteria	Actinomycetota	Actinobacteria	Propionibacteriales	Propionibacteriaceae	Cutibacterium	NA	26	2.3636363636363638	26	1
ASV4501	Bacteria	Bacteroidota	Bacteroidia	Flavobacteriales	Flavobacteriaceae	Flavobacterium	NA	25	2.272727272727273	25	1
ASV5108	Bacteria	Actinomycetota	Actinobacteria	Micrococcales	Intrasporangiaceae	NA	NA	25	2.272727272727273	25	1
ASV4102	Bacteria	Pseudomonadota	Gammaproteobacteria	Pseudomonadales	Pseudomonadaceae	Pseudomonas	NA	24	2.1818181818181817	24	1
ASV5027	Bacteria	Bacillota	Clostridia	Peptostreptococcales-Tissierellales	Family XI	Peptoniphilus	NA	24	2.1818181818181817	24	1
ASV5062	Bacteria	Bacillota	Bacilli	Staphylococcales	Staphylococcaceae	Staphylococcus	NA	24	2.1818181818181817	24	1
ASV5167	Bacteria	Actinomycetota	Actinobacteria	Micrococcales	Microbacteriaceae	Galbitalea	NA	24	2.1818181818181817	24	1
ASV5196	Bacteria	Actinomycetota	Actinobacteria	Micrococcales	Micrococcaceae	Micrococcus	NA	24	2.1818181818181817	24	1
ASV4815	Bacteria	Actinomycetota	Actinobacteria	Mycobacteriales	Corynebacteriaceae	Corynebacterium	NA	23	2.090909090909091	23	1
ASV5216	Bacteria	Actinomycetota	Actinobacteria	Propionibacteriales	Propionibacteriaceae	Cutibacterium	NA	23	2.090909090909091	23	1
ASV5414	Bacteria	Bacteroidota	Bacteroidia	Sphingobacteriales	Sphingobacteriaceae	Mucilaginibacter	NA	23	2.090909090909091	23	1
ASV5503	Bacteria	Actinomycetota	Actinobacteria	Propionibacteriales	Propionibacteriaceae	Cutibacterium	NA	23	2.090909090909091	23	1
ASV4596	Bacteria	Actinomycetota	Actinobacteria	Propionibacteriales	Propionibacteriaceae	Cutibacterium	NA	22	2	22	1
ASV4630	Bacteria	Actinomycetota	Acidimicrobiia	Microtrichales	NA	NA	NA	22	2	22	1
ASV4803	Bacteria	Bacillota	Bacilli	Staphylococcales	Staphylococcaceae	Staphylococcus	NA	22	2	22	1
ASV4930	Bacteria	Actinomycetota	Actinobacteria	Propionibacteriales	Propionibacteriaceae	Cutibacterium	NA	22	2	22	1
ASV4992	Bacteria	Chloroflexota	Chloroflexia	Chloroflexales	Herpetosiphonaceae	Herpetosiphon	NA	22	2	22	1
ASV5026	Bacteria	Bacillota	Clostridia	Oscillospirales	Ruminococcaceae	CAG-352	NA	22	2	22	1
ASV5039	Bacteria	Bacillota	Bacilli	Staphylococcales	Staphylococcaceae	Staphylococcus	NA	22	2	22	1
ASV5150	Bacteria	Actinomycetota	Actinobacteria	Micrococcales	Micrococcaceae	Micrococcus	NA	22	2	22	1
ASV5165	Bacteria	Actinomycetota	Actinobacteria	Bifidobacteriales	Bifidobacteriaceae	Gardnerella	NA	22	2	22	1
ASV5195	Bacteria	Actinomycetota	Actinobacteria	Micrococcales	Micrococcaceae	Micrococcus	NA	22	2	22	1
ASV5289	Bacteria	Bacillota	Bacilli	Staphylococcales	Staphylococcaceae	Staphylococcus	NA	22	2	22	1
ASV5320	Bacteria	Bacillota	Bacilli	Staphylococcales	Staphylococcaceae	Staphylococcus	NA	22	2	22	1
ASV5739	Bacteria	Bacillota	Bacilli	Staphylococcales	Staphylococcaceae	Staphylococcus	NA	22	2	22	1
ASV4953	Bacteria	Bacillota	Bacilli	Staphylococcales	Staphylococcaceae	Staphylococcus	NA	21	1.9090909090909092	21	1
ASV5547	Bacteria	Pseudomonadota	Gammaproteobacteria	Pseudomonadales	Pseudomonadaceae	Pseudomonas	NA	21	1.9090909090909092	21	1
ASV4829	Bacteria	Actinomycetota	Actinobacteria	Micrococcales	Micrococcaceae	Micrococcus	NA	20	1.8181818181818181	20	1
ASV5010	Bacteria	Bacillota	Bacilli	Lactobacillales	Streptococcaceae	Streptococcus	NA	20	1.8181818181818181	20	1
ASV5011	Bacteria	Actinomycetota	Actinobacteria	Propionibacteriales	Propionibacteriaceae	Cutibacterium	NA	20	1.8181818181818181	20	1
ASV5025	Bacteria	Bacillota	Clostridia	Oscillospirales	UCG-010	NA	NA	20	1.8181818181818181	20	1
ASV5107	Bacteria	Actinomycetota	Actinobacteria	Micromonosporales	Micromonosporaceae	Actinoplanes	NA	20	1.8181818181818181	20	1
ASV5384	Bacteria	Bacillota	Bacilli	Staphylococcales	Staphylococcaceae	Staphylococcus	NA	20	1.8181818181818181	20	1
ASV5180	Bacteria	Bacillota	Bacilli	Lactobacillales	Streptococcaceae	Streptococcus	NA	19	1.7272727272727273	19	1
ASV5343	Bacteria	Actinomycetota	Actinobacteria	Mycobacteriales	Corynebacteriaceae	Corynebacterium	NA	19	1.7272727272727273	19	1
ASV5361	Bacteria	Actinomycetota	Actinobacteria	Micrococcales	Micrococcaceae	Micrococcus	NA	19	1.7272727272727273	19	1
ASV5426	Bacteria	Actinomycetota	Actinobacteria	Propionibacteriales	Propionibacteriaceae	Cutibacterium	NA	19	1.7272727272727273	19	1
ASV5429	Bacteria	Actinomycetota	Actinobacteria	Mycobacteriales	Corynebacteriaceae	Corynebacterium	NA	19	1.7272727272727273	19	1
ASV5442	Bacteria	Actinomycetota	Actinobacteria	Mycobacteriales	Corynebacteriaceae	Corynebacterium	NA	19	1.7272727272727273	19	1
ASV4816	Bacteria	Actinomycetota	Actinobacteria	Propionibacteriales	Propionibacteriaceae	Cutibacterium	NA	18	1.6363636363636365	18	1
ASV4940	Bacteria	Actinomycetota	Actinobacteria	Propionibacteriales	Propionibacteriaceae	Cutibacterium	NA	18	1.6363636363636365	18	1
ASV5168	Bacteria	Actinomycetota	Actinobacteria	Propionibacteriales	Propionibacteriaceae	Cutibacterium	NA	18	1.6363636363636365	18	1
ASV5212	Bacteria	Bacillota	Bacilli	Staphylococcales	Staphylococcaceae	Staphylococcus	NA	18	1.6363636363636365	18	1
ASV5274	Bacteria	Actinomycetota	Actinobacteria	Micrococcales	Micrococcaceae	Rothia	NA	18	1.6363636363636365	18	1
ASV5460	Bacteria	Actinomycetota	Actinobacteria	Micrococcales	Micrococcaceae	Micrococcus	NA	18	1.6363636363636365	18	1
ASV5487	Bacteria	Bacillota	Bacilli	Staphylococcales	Staphylococcaceae	Staphylococcus	NA	18	1.6363636363636365	18	1
ASV5600	Bacteria	Pseudomonadota	Alphaproteobacteria	Acetobacterales	Acetobacteraceae	Endobacter	NA	18	1.6363636363636365	18	1
ASV4730	Bacteria	Actinomycetota	Actinobacteria	Mycobacteriales	Corynebacteriaceae	Corynebacterium	NA	17	1.5454545454545454	17	1
ASV5041	Bacteria	Actinomycetota	Actinobacteria	Propionibacteriales	Nocardioidaceae	Aeromicrobium	ginsengisoli	17	1.5454545454545454	17	1
ASV5083	Bacteria	Bacillota	Bacilli	Staphylococcales	Staphylococcaceae	Staphylococcus	NA	17	1.5454545454545454	17	1
ASV5149	Bacteria	Bacillota	Bacilli	Staphylococcales	Staphylococcaceae	Staphylococcus	NA	17	1.5454545454545454	17	1
ASV5215	Bacteria	Actinomycetota	Actinobacteria	Micrococcales	Intrasporangiaceae	Ornithinimicrobium	NA	17	1.5454545454545454	17	1
ASV5248	Bacteria	Actinomycetota	Actinobacteria	Propionibacteriales	Propionibacteriaceae	Cutibacterium	NA	17	1.5454545454545454	17	1
ASV5315	Bacteria	Actinomycetota	Actinobacteria	Mycobacteriales	Corynebacteriaceae	Corynebacterium	NA	17	1.5454545454545454	17	1
ASV5397	Bacteria	Bacillota	Bacilli	Lactobacillales	Streptococcaceae	Streptococcus	NA	17	1.5454545454545454	17	1
ASV5415	Bacteria	Actinomycetota	Coriobacteriia	Coriobacteriales	Atopobiaceae	Atopobium	NA	17	1.5454545454545454	17	1
ASV5462	Bacteria	Pseudomonadota	Alphaproteobacteria	Sphingomonadales	Sphingomonadaceae	Sphingomonas	NA	17	1.5454545454545454	17	1
ASV5475	Bacteria	Actinomycetota	Actinobacteria	Micrococcales	Micrococcaceae	Micrococcus	NA	17	1.5454545454545454	17	1
ASV5706	Bacteria	Planctomycetota	Planctomycetes	Isosphaerales	Isosphaeraceae	Tundrisphaera	NA	17	1.5454545454545454	17	1
ASV5194	Bacteria	Actinomycetota	Actinobacteria	Micrococcales	Intrasporangiaceae	Lapillicoccus	NA	16	1.4545454545454546	16	1
ASV5301	Bacteria	Actinomycetota	Actinobacteria	Micrococcales	Micrococcaceae	Rothia	NA	16	1.4545454545454546	16	1
ASV5317	Bacteria	Bacillota	Clostridia	Peptostreptococcales-Tissierellales	Peptostreptococcaceae	Romboutsia	NA	16	1.4545454545454546	16	1
ASV5440	Bacteria	Actinomycetota	Actinobacteria	Micrococcales	Microbacteriaceae	Amnibacterium	NA	16	1.4545454545454546	16	1
ASV5524	Bacteria	Acidobacteriota	Acidobacteriae	Terriglobales	Acidobacteriaceae (Subgroup 1)	Bryocella	NA	16	1.4545454545454546	16	1
ASV5565	Bacteria	Acidobacteriota	Blastocatellia	Blastocatellales	Blastocatellaceae	Stenotrophobacter	NA	16	1.4545454545454546	16	1
ASV5567	Bacteria	Actinomycetota	Actinobacteria	Micrococcales	Micrococcaceae	Micrococcus	NA	16	1.4545454545454546	16	1
ASV5245	Bacteria	Actinomycetota	Actinobacteria	Micrococcales	Dermacoccaceae	Dermacoccus	NA	15	1.3636363636363635	15	1
ASV5246	Bacteria	Actinomycetota	Actinobacteria	Frankiales	Geodermatophilaceae	Modestobacter	NA	15	1.3636363636363635	15	1
ASV5342	Bacteria	Acidobacteriota	Blastocatellia	Blastocatellales	Blastocatellaceae	Blastocatella	NA	15	1.3636363636363635	15	1
ASV5399	Bacteria	Bacteroidota	Bacteroidia	Bacteroidales	Bacteroidaceae	Bacteroides	NA	15	1.3636363636363635	15	1
ASV5425	Bacteria	Actinomycetota	Actinobacteria	Micrococcales	Micrococcaceae	Micrococcus	NA	15	1.3636363636363635	15	1
ASV5459	Bacteria	Actinomycetota	Actinobacteria	Mycobacteriales	Corynebacteriaceae	Corynebacterium	NA	15	1.3636363636363635	15	1
ASV5472	Bacteria	Pseudomonadota	Alphaproteobacteria	Hyphomicrobiales	Beijerinckiaceae	Lichenibacterium	NA	15	1.3636363636363635	15	1
ASV5474	Bacteria	Actinomycetota	Actinobacteria	Propionibacteriales	Propionibacteriaceae	Cutibacterium	acnes	15	1.3636363636363635	15	1
ASV5546	Bacteria	Actinomycetota	Actinobacteria	Mycobacteriales	Corynebacteriaceae	Corynebacterium	NA	15	1.3636363636363635	15	1
ASV5643	Bacteria	Bacillota	Bacilli	Lactobacillales	Streptococcaceae	Streptococcus	NA	15	1.3636363636363635	15	1
ASV5645	Bacteria	Pseudomonadota	Alphaproteobacteria	Acetobacterales	Acetobacteraceae	Endobacter	NA	15	1.3636363636363635	15	1
ASV5646	Bacteria	Bacillota	Bacilli	Lactobacillales	Lactobacillaceae	Lactobacillus	NA	15	1.3636363636363635	15	1
ASV5705	Bacteria	Pseudomonadota	Alphaproteobacteria	Hyphomicrobiales	Beijerinckiaceae	Lichenibacterium	NA	15	1.3636363636363635	15	1
ASV5718	Bacteria	Actinomycetota	Actinobacteria	Kineosporiales	Kineosporiaceae	Kineococcus	NA	15	1.3636363636363635	15	1
ASV5738	Bacteria	Bacteroidota	Bacteroidia	Bacteroidales	Prevotellaceae	Hoylesella	NA	15	1.3636363636363635	15	1
ASV5193	Bacteria	Bacillota	Bacilli	Staphylococcales	Staphylococcaceae	Staphylococcus	NA	14	1.2727272727272727	14	1
ASV5214	Bacteria	Actinomycetota	Actinobacteria	Mycobacteriales	Corynebacteriaceae	Corynebacterium	NA	14	1.2727272727272727	14	1
ASV5400	Bacteria	Bacteroidota	Bacteroidia	Flavobacteriales	Weeksellaceae	Chryseobacterium	NA	14	1.2727272727272727	14	1
ASV5486	Bacteria	Actinomycetota	Actinobacteria	Micrococcales	Microbacteriaceae	NA	NA	14	1.2727272727272727	14	1
ASV5522	Bacteria	Pseudomonadota	Gammaproteobacteria	Lysobacterales	Lysobacteraceae	Xanthomonas	NA	14	1.2727272727272727	14	1
ASV5583	Bacteria	Pseudomonadota	Alphaproteobacteria	Hyphomicrobiales	Beijerinckiaceae	Lichenibacterium	NA	14	1.2727272727272727	14	1
ASV5670	Bacteria	Actinomycetota	Actinobacteria	Propionibacteriales	Propionibacteriaceae	Cutibacterium	NA	14	1.2727272727272727	14	1
ASV5740	Bacteria	Bacillota	Bacilli	Staphylococcales	Staphylococcaceae	Staphylococcus	NA	14	1.2727272727272727	14	1
ASV5741	Bacteria	Actinomycetota	Actinobacteria	Micrococcales	Microbacteriaceae	Cryobacterium	NA	14	1.2727272727272727	14	1
ASV5802	Bacteria	Actinomycetota	Actinobacteria	Micrococcales	Micrococcaceae	Micrococcus	NA	14	1.2727272727272727	14	1
ASV5850	Bacteria	Actinomycetota	Actinobacteria	Mycobacteriales	Dietziaceae	Dietzia	NA	14	1.2727272727272727	14	1
ASV5181	Bacteria	Bacillota	Bacilli	Staphylococcales	Staphylococcaceae	Staphylococcus	NA	13	1.1818181818181819	13	1
ASV5247	Bacteria	Actinomycetota	Actinobacteria	Propionibacteriales	Propionibacteriaceae	Cutibacterium	NA	13	1.1818181818181819	13	1
ASV5341	Bacteria	Actinomycetota	Actinobacteria	Mycobacteriales	Corynebacteriaceae	Corynebacterium	NA	13	1.1818181818181819	13	1
ASV5362	Bacteria	Pseudomonadota	Gammaproteobacteria	Burkholderiales	Comamonadaceae	Polaromonas	NA	13	1.1818181818181819	13	1
ASV5382	Bacteria	Bacillota	Bacilli	Staphylococcales	Staphylococcaceae	Staphylococcus	NA	13	1.1818181818181819	13	1
ASV5427	Bacteria	Actinomycetota	Actinobacteria	Micrococcales	Micrococcaceae	Micrococcus	NA	13	1.1818181818181819	13	1
ASV5454	Bacteria	Actinomycetota	Actinobacteria	Micrococcales	Micrococcaceae	Kocuria	NA	13	1.1818181818181819	13	1
ASV5471	Bacteria	Bacillota	Clostridia	Peptostreptococcales-Tissierellales	Family XI	Anaerococcus	NA	13	1.1818181818181819	13	1
ASV5473	Bacteria	Pseudomonadota	Gammaproteobacteria	Lysobacterales	Lysobacteraceae	Xanthomonas	NA	13	1.1818181818181819	13	1
ASV5488	Bacteria	Pseudomonadota	Alphaproteobacteria	Sphingomonadales	Sphingomonadaceae	Sphingomonas	NA	13	1.1818181818181819	13	1
ASV5521	Bacteria	Actinomycetota	Thermoleophilia	Gaiellales	Gaiellaceae	Gaiella	NA	13	1.1818181818181819	13	1
ASV5523	Bacteria	Actinomycetota	Actinobacteria	Propionibacteriales	Propionibacteriaceae	Cutibacterium	NA	13	1.1818181818181819	13	1
ASV5537	Bacteria	Actinomycetota	Actinobacteria	Micrococcales	Dermabacteraceae	Brachybacterium	NA	13	1.1818181818181819	13	1
ASV5538	Bacteria	Actinomycetota	Actinobacteria	Pseudonocardiales	Pseudonocardiaceae	Actinomycetospora	NA	13	1.1818181818181819	13	1
ASV5599	Bacteria	Pseudomonadota	Gammaproteobacteria	Pseudomonadales	Moraxellaceae	Enhydrobacter	NA	13	1.1818181818181819	13	1
ASV5627	Bacteria	Actinomycetota	Actinobacteria	Micrococcales	Micrococcaceae	Rothia	NA	13	1.1818181818181819	13	1
ASV5684	Bacteria	Bacteroidota	Bacteroidia	Cytophagales	Hymenobacteraceae	Hymenobacter	NA	13	1.1818181818181819	13	1
ASV5831	Bacteria	Bacillota	Bacilli	Staphylococcales	Staphylococcaceae	Staphylococcus	NA	13	1.1818181818181819	13	1
ASV5845	Bacteria	Bacteroidota	Bacteroidia	Bacteroidales	Marinifilaceae	Odoribacter	NA	13	1.1818181818181819	13	1
ASV4854	Bacteria	Actinomycetota	Actinobacteria	Propionibacteriales	Propionibacteriaceae	Cutibacterium	NA	12	1.0909090909090908	12	1
ASV5098	Bacteria	Actinomycetota	Actinobacteria	Micrococcales	Micrococcaceae	Micrococcus	NA	12	1.0909090909090908	12	1
ASV5148	Bacteria	Actinomycetota	Actinobacteria	Propionibacteriales	Propionibacteriaceae	Cutibacterium	NA	12	1.0909090909090908	12	1
ASV5166	Bacteria	Bacillota	Bacilli	Lactobacillales	Streptococcaceae	Streptococcus	NA	12	1.0909090909090908	12	1
ASV5319	Bacteria	Actinomycetota	Actinobacteria	Actinomycetales	Actinomycetaceae	Actinomyces	NA	12	1.0909090909090908	12	1
ASV5328	Bacteria	Pseudomonadota	Alphaproteobacteria	Acetobacterales	Acetobacteraceae	Roseomonas	NA	12	1.0909090909090908	12	1
ASV5329	Bacteria	Bacillota	Clostridia	Lachnospirales	Lachnospiraceae	Coprococcus	NA	12	1.0909090909090908	12	1
ASV5411	Bacteria	Chloroflexota	Gitt-GS-136	NA	NA	NA	NA	12	1.0909090909090908	12	1
ASV5566	Bacteria	Actinomycetota	Actinobacteria	Micrococcales	Intrasporangiaceae	NA	NA	12	1.0909090909090908	12	1
ASV5578	Bacteria	Pseudomonadota	Alphaproteobacteria	Rhodobacterales	Paracoccaceae	Paracoccus	NA	12	1.0909090909090908	12	1
ASV5598	Bacteria	Bacteroidota	Bacteroidia	Flavobacteriales	Weeksellaceae	Chryseobacterium	NA	12	1.0909090909090908	12	1
ASV5616	Bacteria	Bacteroidota	Bacteroidia	Cytophagales	Spirosomataceae	Dyadobacter	NA	12	1.0909090909090908	12	1
ASV5618	Bacteria	Bacillota	Bacilli	Staphylococcales	Staphylococcaceae	Staphylococcus	NA	12	1.0909090909090908	12	1
ASV5673	Bacteria	Pseudomonadota	Alphaproteobacteria	Hyphomicrobiales	Xanthobacteraceae	NA	NA	12	1.0909090909090908	12	1
ASV5703	Bacteria	Pseudomonadota	Gammaproteobacteria	Enterobacterales	Enterobacteriaceae	Mangrovibacter	NA	12	1.0909090909090908	12	1
ASV5704	Bacteria	Bacillota	Bacilli	Staphylococcales	Staphylococcaceae	Staphylococcus	NA	12	1.0909090909090908	12	1
ASV5723	Bacteria	Pseudomonadota	Alphaproteobacteria	Hyphomicrobiales	Beijerinckiaceae	Lichenibacterium	NA	12	1.0909090909090908	12	1
ASV5762	Bacteria	Actinomycetota	Actinobacteria	Mycobacteriales	Corynebacteriaceae	Lawsonella	NA	12	1.0909090909090908	12	1
ASV5809	Bacteria	Actinomycetota	Actinobacteria	Mycobacteriales	Corynebacteriaceae	Corynebacterium	NA	12	1.0909090909090908	12	1
ASV5846	Bacteria	Pseudomonadota	Alphaproteobacteria	Sphingomonadales	Sphingomonadaceae	Ellin6055	NA	12	1.0909090909090908	12	1
ASV5888	Bacteria	Actinomycetota	Actinobacteria	Micrococcales	Dermatophilaceae	Mobilicoccus	NA	12	1.0909090909090908	12	1
ASV5286	Bacteria	Pseudomonadota	Gammaproteobacteria	Pseudomonadales	Moraxellaceae	Enhydrobacter	NA	11	1	11	1
ASV5316	Bacteria	Pseudomonadota	Gammaproteobacteria	Burkholderiales	Comamonadaceae	Rhizobacter	NA	11	1	11	1
ASV5457	Bacteria	Actinomycetota	Actinobacteria	Micrococcales	Intrasporangiaceae	Arsenicicoccus	NA	11	1	11	1
ASV5490	Bacteria	Bacteroidota	Bacteroidia	Bacteroidales	Porphyromonadaceae	Porphyromonas	NA	11	1	11	1
ASV5519	Bacteria	Actinomycetota	Actinobacteria	Micrococcales	Micrococcaceae	Micrococcus	NA	11	1	11	1
ASV5543	Bacteria	Bacillota	Bacilli	Lactobacillales	Streptococcaceae	Streptococcus	NA	11	1	11	1
ASV5612	Bacteria	Actinomycetota	Actinobacteria	Micrococcales	Microbacteriaceae	Clavibacter	NA	11	1	11	1
ASV5617	Bacteria	Actinomycetota	Actinobacteria	Propionibacteriales	Propionibacteriaceae	Cutibacterium	NA	11	1	11	1
ASV5641	Bacteria	Bacillota	Clostridia	Oscillospirales	Ruminococcaceae	Faecalibacterium	prausnitzii	11	1	11	1
ASV5675	Bacteria	Chloroflexota	Gitt-GS-136	NA	NA	NA	NA	11	1	11	1
ASV5679	Bacteria	Pseudomonadota	Alphaproteobacteria	Sphingomonadales	Sphingomonadaceae	Polymorphobacter	NA	11	1	11	1
ASV5683	Bacteria	Pseudomonadota	Gammaproteobacteria	Enterobacterales	Enterobacteriaceae	Enterobacter	NA	11	1	11	1
ASV5702	Bacteria	Bacillota	Bacilli	Staphylococcales	Staphylococcaceae	Staphylococcus	NA	11	1	11	1
ASV5716	Bacteria	Actinomycetota	Actinobacteria	Bifidobacteriales	Bifidobacteriaceae	Bifidobacterium	NA	11	1	11	1
ASV5734	Bacteria	Pseudomonadota	Gammaproteobacteria	Enterobacterales	Yersiniaceae	Serratia	NA	11	1	11	1
ASV5824	Bacteria	Actinomycetota	Actinobacteria	Micrococcales	Intrasporangiaceae	NA	NA	11	1	11	1
ASV5848	Bacteria	Bacillota	Bacilli	Staphylococcales	Staphylococcaceae	Staphylococcus	NA	11	1	11	1
ASV5300	Bacteria	Actinomycetota	Actinobacteria	Micrococcales	Micrococcaceae	Micrococcus	NA	10	0.9090909090909091	10	1
ASV5410	Bacteria	Bacteroidota	Bacteroidia	Flavobacteriales	Flavobacteriaceae	Flavobacterium	NA	10	0.9090909090909091	10	1
ASV5423	Bacteria	Pseudomonadota	Alphaproteobacteria	Acetobacterales	Acetobacteraceae	Acidiphilium	NA	10	0.9090909090909091	10	1
ASV5456	Bacteria	Actinomycetota	Actinobacteria	Mycobacteriales	Corynebacteriaceae	Corynebacterium	NA	10	0.9090909090909091	10	1
ASV5491	Bacteria	Bacillota	Bacilli	Staphylococcales	Staphylococcaceae	Staphylococcus	NA	10	0.9090909090909091	10	1
ASV5514	Bacteria	Bacteroidota	Bacteroidia	Sphingobacteriales	Sphingobacteriaceae	Mucilaginibacter	NA	10	0.9090909090909091	10	1
ASV5518	Bacteria	Bacillota	Bacilli	Staphylococcales	Staphylococcaceae	Staphylococcus	NA	10	0.9090909090909091	10	1
ASV5564	Bacteria	Actinomycetota	Actinobacteria	Propionibacteriales	Nocardioidaceae	Nocardioides	NA	10	0.9090909090909091	10	1
ASV5582	Bacteria	Bacillota	Bacilli	Lactobacillales	Streptococcaceae	Streptococcus	NA	10	0.9090909090909091	10	1
ASV5597	Bacteria	Bacillota	Bacilli	Lactobacillales	Streptococcaceae	Streptococcus	NA	10	0.9090909090909091	10	1
ASV5624	Bacteria	Actinomycetota	Actinobacteria	Propionibacteriales	Propionibacteriaceae	Microlunatus	NA	10	0.9090909090909091	10	1
ASV5625	Bacteria	Pseudomonadota	Gammaproteobacteria	Lysobacterales	Lysobacteraceae	Lysobacter	NA	10	0.9090909090909091	10	1
ASV5626	Bacteria	Bacteroidota	Bacteroidia	Cytophagales	Hymenobacteraceae	Hymenobacter	NA	10	0.9090909090909091	10	1
ASV5674	Bacteria	Bacillota	Bacilli	Staphylococcales	Staphylococcaceae	Staphylococcus	NA	10	0.9090909090909091	10	1
ASV5678	Bacteria	Actinomycetota	Actinobacteria	Micrococcales	Micrococcaceae	Micrococcus	NA	10	0.9090909090909091	10	1
ASV5707	Bacteria	Actinomycetota	Actinobacteria	Mycobacteriales	Corynebacteriaceae	Corynebacterium	jeddahense	10	0.9090909090909091	10	1
ASV5722	Bacteria	Acidobacteriota	Acidobacteriae	Terriglobales	Acidobacteriaceae (Subgroup 1)	Bryocella	NA	10	0.9090909090909091	10	1
ASV5807	Bacteria	Bacillota	Clostridia	Peptostreptococcales-Tissierellales	Peptostreptococcaceae	Criibacterium	NA	10	0.9090909090909091	10	1
ASV5833	Bacteria	Pseudomonadota	Alphaproteobacteria	Sphingomonadales	Sphingomonadaceae	Sphingomonas	NA	10	0.9090909090909091	10	1
ASV5841	Bacteria	Gemmatimonadota	Gemmatimonadia	Gemmatimonadales	Gemmatimonadaceae	Gemmatimonas	NA	10	0.9090909090909091	10	1
ASV5899	Bacteria	Pseudomonadota	Gammaproteobacteria	Enterobacterales	Vibrionaceae	Photobacterium	NA	10	0.9090909090909091	10	1
ASV5991	Bacteria	Pseudomonadota	Gammaproteobacteria	Burkholderiales	Burkholderiaceae	Cupriavidus	NA	10	0.9090909090909091	10	1
ASV5110	Bacteria	Bacillota	Bacilli	Lactobacillales	Streptococcaceae	Streptococcus	NA	9	0.8181818181818182	9	1
ASV5213	Bacteria	Pseudomonadota	Alphaproteobacteria	Sphingomonadales	Sphingomonadaceae	Sphingorhabdus	NA	9	0.8181818181818182	9	1
ASV5299	Bacteria	Actinomycetota	Actinobacteria	Micrococcales	Microbacteriaceae	Cryobacterium	NA	9	0.8181818181818182	9	1
ASV5428	Bacteria	Bacillota	Clostridia	Lachnospirales	Lachnospiraceae	Anaerobutyricum	NA	9	0.8181818181818182	9	1
ASV5501	Bacteria	Pseudomonadota	Gammaproteobacteria	Pseudomonadales	Pseudomonadaceae	Pseudomonas	NA	9	0.8181818181818182	9	1
ASV5515	Bacteria	Bacillota	Bacilli	Staphylococcales	Staphylococcaceae	Staphylococcus	NA	9	0.8181818181818182	9	1
ASV5539	Bacteria	Actinomycetota	Actinobacteria	Mycobacteriales	Corynebacteriaceae	Corynebacterium	NA	9	0.8181818181818182	9	1
ASV5563	Bacteria	Pseudomonadota	Alphaproteobacteria	Sphingomonadales	Sphingomonadaceae	Sphingomonas	NA	9	0.8181818181818182	9	1
ASV5580	Bacteria	Pseudomonadota	Gammaproteobacteria	Pseudomonadales	Moraxellaceae	Acinetobacter	NA	9	0.8181818181818182	9	1
ASV5593	Bacteria	Acidobacteriota	Vicinamibacteria	Vicinamibacterales	NA	NA	NA	9	0.8181818181818182	9	1
ASV5628	Bacteria	Actinomycetota	Actinobacteria	Propionibacteriales	Propionibacteriaceae	Cutibacterium	NA	9	0.8181818181818182	9	1
ASV5629	Bacteria	Actinomycetota	Actinobacteria	Propionibacteriales	Propionibacteriaceae	Microlunatus	NA	9	0.8181818181818182	9	1
ASV5639	Bacteria	Actinomycetota	Actinobacteria	Pseudonocardiales	Pseudonocardiaceae	Pseudonocardia	NA	9	0.8181818181818182	9	1
ASV5680	Bacteria	Pseudomonadota	Gammaproteobacteria	Enterobacterales	Alteromonadaceae	Rheinheimera	NA	9	0.8181818181818182	9	1
ASV5681	Bacteria	Pseudomonadota	Gammaproteobacteria	Lysobacterales	Lysobacteraceae	Lysobacter	NA	9	0.8181818181818182	9	1
ASV5732	Bacteria	Acidobacteriota	Blastocatellia	Blastocatellales	Blastocatellaceae	Blastocatella	NA	9	0.8181818181818182	9	1
ASV5804	Bacteria	Bacteroidota	Bacteroidia	Chitinophagales	Chitinophagaceae	NA	NA	9	0.8181818181818182	9	1
ASV5805	Bacteria	Actinomycetota	Actinobacteria	Kineosporiales	Kineosporiaceae	Kineosporia	NA	9	0.8181818181818182	9	1
ASV5829	Bacteria	Deinococcota	Deinococci	Deinococcales	Deinococcaceae	Deinococcus	NA	9	0.8181818181818182	9	1
ASV5832	Bacteria	Actinomycetota	Actinobacteria	Micrococcales	Microbacteriaceae	NA	NA	9	0.8181818181818182	9	1
ASV5889	Bacteria	Actinomycetota	Actinobacteria	Actinomycetales	Actinomycetaceae	Actinomyces	NA	9	0.8181818181818182	9	1
ASV5897	Bacteria	Bacillota	Clostridia	Peptostreptococcales-Tissierellales	Family XI	Anaerococcus	NA	9	0.8181818181818182	9	1
ASV5931	Bacteria	Pseudomonadota	Gammaproteobacteria	Pseudomonadales	Pseudomonadaceae	Pseudomonas	NA	9	0.8181818181818182	9	1
ASV6020	Bacteria	Bacteroidota	Bacteroidia	Cytophagales	Microscillaceae	NA	NA	9	0.8181818181818182	9	1
ASV5398	Bacteria	Actinomycetota	Actinobacteria	Mycobacteriales	Corynebacteriaceae	Corynebacterium	NA	8	0.7272727272727273	8	1
ASV5489	Bacteria	Actinomycetota	Actinobacteria	Propionibacteriales	Propionibacteriaceae	Cutibacterium	NA	8	0.7272727272727273	8	1
ASV5520	Bacteria	Bacillota	Clostridia	Clostridia UCG-014	NA	NA	NA	8	0.7272727272727273	8	1
ASV5536	Bacteria	Pseudomonadota	Alphaproteobacteria	Hyphomicrobiales	Beijerinckiaceae	Enterovirga	NA	8	0.7272727272727273	8	1
ASV5541	Bacteria	Pseudomonadota	Gammaproteobacteria	Pseudomonadales	Pseudomonadaceae	Pseudomonas	NA	8	0.7272727272727273	8	1
ASV5542	Bacteria	Actinomycetota	Actinobacteria	Micrococcales	Micrococcaceae	Micrococcus	NA	8	0.7272727272727273	8	1
ASV5579	Bacteria	Bacillota	Bacilli	Erysipelotrichales	Erysipelatoclostridiaceae	Thomasclavelia	NA	8	0.7272727272727273	8	1
ASV5581	Bacteria	Actinomycetota	Actinobacteria	Micrococcales	Dermacoccaceae	Dermacoccus	NA	8	0.7272727272727273	8	1
ASV5594	Bacteria	Bacteroidota	Bacteroidia	Bacteroidales	Bacteroidaceae	Bacteroides	NA	8	0.7272727272727273	8	1
ASV5611	Bacteria	Bacteroidota	Bacteroidia	Chitinophagales	Chitinophagaceae	Ferruginibacter	NA	8	0.7272727272727273	8	1
ASV5614	Bacteria	Actinomycetota	Actinobacteria	Propionibacteriales	Nocardioidaceae	Marmoricola	NA	8	0.7272727272727273	8	1
ASV5630	Bacteria	Pseudomonadota	Alphaproteobacteria	Sphingomonadales	Sphingomonadaceae	Sphingomonas	NA	8	0.7272727272727273	8	1
ASV5695	Bacteria	Pseudomonadota	Alphaproteobacteria	Acetobacterales	Acetobacteraceae	NA	NA	8	0.7272727272727273	8	1
ASV5700	Bacteria	Actinomycetota	Actinobacteria	Micrococcales	Micrococcaceae	Micrococcus	NA	8	0.7272727272727273	8	1
ASV5720	Bacteria	Pseudomonadota	Alphaproteobacteria	Sphingomonadales	Sphingomonadaceae	Sphingomonas	NA	8	0.7272727272727273	8	1
ASV5721	Bacteria	Actinomycetota	Actinobacteria	Micrococcales	Microbacteriaceae	Microbacterium	NA	8	0.7272727272727273	8	1
ASV5759	Bacteria	Pseudomonadota	Alphaproteobacteria	Acetobacterales	Acetobacteraceae	NA	NA	8	0.7272727272727273	8	1
ASV5761	Bacteria	Actinomycetota	Actinobacteria	Micrococcales	Micrococcaceae	Micrococcus	NA	8	0.7272727272727273	8	1
ASV5783	Bacteria	Fusobacteriota	Fusobacteriia	Fusobacteriales	Fusobacteriaceae	Fusobacterium	NA	8	0.7272727272727273	8	1
ASV5825	Bacteria	Actinomycetota	Actinobacteria	Propionibacteriales	Nocardioidaceae	Aeromicrobium	NA	8	0.7272727272727273	8	1
ASV5828	Bacteria	Actinomycetota	Actinobacteria	Mycobacteriales	Corynebacteriaceae	Corynebacterium	NA	8	0.7272727272727273	8	1
ASV5840	Bacteria	Actinomycetota	Actinobacteria	Mycobacteriales	Nocardiaceae	Gordonia	NA	8	0.7272727272727273	8	1
ASV5849	Bacteria	Bacillota	Clostridia	Peptostreptococcales-Tissierellales	Family XI	Anaerococcus	NA	8	0.7272727272727273	8	1
ASV5896	Bacteria	Pseudomonadota	Alphaproteobacteria	Acetobacterales	Acetobacteraceae	NA	NA	8	0.7272727272727273	8	1
ASV5958	Bacteria	Actinomycetota	Actinobacteria	Micrococcales	Dermacoccaceae	Dermacoccus	NA	8	0.7272727272727273	8	1
ASV5974	Bacteria	Cyanobacteriota	Vampirivibrionia	Obscuribacterales	Obscuribacteraceae	Candidatus Obscuribacter	NA	8	0.7272727272727273	8	1
ASV5988	Bacteria	Actinomycetota	Actinobacteria	Mycobacteriales	Mycobacteriaceae	Mycobacterium	NA	8	0.7272727272727273	8	1
ASV5990	Bacteria	Armatimonadota	Chthonomonadia	Chthonomonadales	Chthonomonadaceae	Chthonomonas	NA	8	0.7272727272727273	8	1
ASV6002	Bacteria	Actinomycetota	Actinobacteria	Micrococcales	Micrococcaceae	Pseudarthrobacter	NA	8	0.7272727272727273	8	1
ASV6006	Bacteria	Actinomycetota	Actinobacteria	Propionibacteriales	Propionibacteriaceae	Microlunatus	NA	8	0.7272727272727273	8	1
ASV5412	Bacteria	Actinomycetota	Actinobacteria	Mycobacteriales	Corynebacteriaceae	Corynebacterium	NA	7	0.6363636363636364	7	1
ASV5455	Bacteria	Armatimonadota	Fimbriimonadia	Fimbriimonadales	Fimbriimonadaceae	NA	NA	7	0.6363636363636364	7	1
ASV5516	Bacteria	Actinomycetota	Actinobacteria	Micrococcales	Dermacoccaceae	Dermacoccus	NA	7	0.6363636363636364	7	1
ASV5540	Bacteria	Pseudomonadota	Gammaproteobacteria	Pseudomonadales	Moraxellaceae	Acinetobacter	NA	7	0.6363636363636364	7	1
ASV5595	Bacteria	Pseudomonadota	Gammaproteobacteria	Burkholderiales	Neisseriaceae	Neisseria	NA	7	0.6363636363636364	7	1
ASV5615	Bacteria	Pseudomonadota	Alphaproteobacteria	Caulobacterales	Caulobacteraceae	Caulobacter	NA	7	0.6363636363636364	7	1
ASV5631	Bacteria	Pseudomonadota	Alphaproteobacteria	Acetobacterales	Acetobacteraceae	NA	NA	7	0.6363636363636364	7	1
ASV5671	Bacteria	Actinomycetota	Actinobacteria	Micrococcales	Dermacoccaceae	Dermacoccus	NA	7	0.6363636363636364	7	1
ASV5672	Bacteria	Bacteroidota	Bacteroidia	Flavobacteriales	Flavobacteriaceae	Flavobacterium	NA	7	0.6363636363636364	7	1
ASV5682	Bacteria	Pseudomonadota	Alphaproteobacteria	Sphingomonadales	Sphingomonadaceae	Sphingomonas	NA	7	0.6363636363636364	7	1
ASV5699	Bacteria	Bacteroidota	Bacteroidia	Sphingobacteriales	Sphingobacteriaceae	Sphingobacterium	NA	7	0.6363636363636364	7	1
ASV5717	Bacteria	Pseudomonadota	Gammaproteobacteria	Burkholderiales	Oxalobacteraceae	Noviherbaspirillum	NA	7	0.6363636363636364	7	1
ASV5737	Bacteria	Pseudomonadota	Alphaproteobacteria	Sphingomonadales	Sphingomonadaceae	Sphingomonas	NA	7	0.6363636363636364	7	1
ASV5756	Bacteria	Cyanobacteriota	Cyanobacteriia	Cyanobacteriales	Nostocaceae	Nostoc PCC-73102	NA	7	0.6363636363636364	7	1
ASV5803	Bacteria	Actinomycetota	Actinobacteria	Propionibacteriales	Propionibacteriaceae	Cutibacterium	NA	7	0.6363636363636364	7	1
ASV5808	Bacteria	Pseudomonadota	Alphaproteobacteria	Sphingomonadales	Sphingomonadaceae	Croceibacterium	NA	7	0.6363636363636364	7	1
ASV5823	Bacteria	Bacillota	Bacilli	Staphylococcales	Staphylococcaceae	Staphylococcus	equorum	7	0.6363636363636364	7	1
ASV5826	Bacteria	Actinomycetota	Actinobacteria	Pseudonocardiales	Pseudonocardiaceae	Pseudonocardia	NA	7	0.6363636363636364	7	1
ASV5843	Bacteria	Actinomycetota	Actinobacteria	Mycobacteriales	Corynebacteriaceae	Corynebacterium	NA	7	0.6363636363636364	7	1
ASV5844	Bacteria	Actinomycetota	Actinobacteria	Propionibacteriales	Nocardioidaceae	NA	NA	7	0.6363636363636364	7	1
ASV5851	Bacteria	Bacteroidota	Bacteroidia	Cytophagales	Spirosomataceae	Dyadobacter	NA	7	0.6363636363636364	7	1
ASV5874	Bacteria	Actinomycetota	Actinobacteria	Frankiales	NA	NA	NA	7	0.6363636363636364	7	1
ASV5892	Bacteria	Actinomycetota	Actinobacteria	Propionibacteriales	Propionibacteriaceae	Microlunatus	NA	7	0.6363636363636364	7	1
ASV5932	Bacteria	Actinomycetota	Actinobacteria	Propionibacteriales	Nocardioidaceae	Marmoricola	NA	7	0.6363636363636364	7	1
ASV5975	Bacteria	Actinomycetota	Actinobacteria	Mycobacteriales	Corynebacteriaceae	Corynebacterium	NA	7	0.6363636363636364	7	1
ASV6019	Bacteria	Actinomycetota	Actinobacteria	Micrococcales	Micrococcaceae	Pseudoglutamicibacter	NA	7	0.6363636363636364	7	1
ASV6058	Bacteria	Bacteroidota	Bacteroidia	Bacteroidales	Prevotellaceae	Segatella	NA	7	0.6363636363636364	7	1
ASV6072	Bacteria	Actinomycetota	Actinobacteria	Micrococcales	Microbacteriaceae	Microbacterium	schleiferi	7	0.6363636363636364	7	1
ASV5500	Bacteria	Bacillota	Bacilli	Staphylococcales	Staphylococcaceae	Staphylococcus	NA	6	0.5454545454545454	6	1
ASV5544	Bacteria	Actinomycetota	Actinobacteria	Propionibacteriales	Propionibacteriaceae	Cutibacterium	NA	6	0.5454545454545454	6	1
ASV5596	Bacteria	Pseudomonadota	Gammaproteobacteria	Enterobacterales	Aeromonadaceae	Tolumonas	NA	6	0.5454545454545454	6	1
ASV5640	Bacteria	Bacillota	Clostridia	Peptostreptococcales-Tissierellales	Family XI	Anaerococcus	NA	6	0.5454545454545454	6	1
ASV5676	Bacteria	Bacillota	Bacilli	Lactobacillales	Carnobacteriaceae	Carnobacterium	NA	6	0.5454545454545454	6	1
ASV5696	Bacteria	Bacillota	Bacilli	Staphylococcales	Staphylococcaceae	Staphylococcus	NA	6	0.5454545454545454	6	1
ASV5698	Bacteria	Actinomycetota	Actinobacteria	Micrococcales	Intrasporangiaceae	Arsenicicoccus	NA	6	0.5454545454545454	6	1
ASV5719	Bacteria	Bacillota	Bacilli	Lactobacillales	Lactobacillaceae	Lactobacillus	NA	6	0.5454545454545454	6	1
ASV5733	Bacteria	Pseudomonadota	Gammaproteobacteria	Enterobacterales	Alteromonadaceae	Alishewanella	NA	6	0.5454545454545454	6	1
ASV5760	Bacteria	Actinomycetota	Actinobacteria	Micrococcales	Microbacteriaceae	Microbacterium	NA	6	0.5454545454545454	6	1
ASV5777	Bacteria	Actinomycetota	Actinobacteria	Propionibacteriales	Propionibacteriaceae	Microlunatus	NA	6	0.5454545454545454	6	1
ASV5779	Bacteria	Actinomycetota	Actinobacteria	Mycobacteriales	Corynebacteriaceae	Corynebacterium	NA	6	0.5454545454545454	6	1
ASV5801	Bacteria	Pseudomonadota	Gammaproteobacteria	Burkholderiales	Oxalobacteraceae	Janthinobacterium	NA	6	0.5454545454545454	6	1
ASV5806	Bacteria	Bacillota	Clostridia	Lachnospirales	Lachnospiraceae	Lachnospiraceae NK4A136 group	NA	6	0.5454545454545454	6	1
ASV5830	Bacteria	Bacillota	Clostridia	Oscillospirales	Ruminococcaceae	Gemmiger	NA	6	0.5454545454545454	6	1
ASV5867	Bacteria	Actinomycetota	Actinobacteria	Mycobacteriales	Corynebacteriaceae	Corynebacterium	NA	6	0.5454545454545454	6	1
ASV5873	Bacteria	Bacillota	Bacilli	Staphylococcales	Staphylococcaceae	Staphylococcus	NA	6	0.5454545454545454	6	1
ASV5885	Bacteria	Pseudomonadota	Alphaproteobacteria	Hyphomicrobiales	Amb-16S-1323	NA	NA	6	0.5454545454545454	6	1
ASV5886	Bacteria	Actinomycetota	Actinobacteria	Propionibacteriales	Nocardioidaceae	Nocardioides	NA	6	0.5454545454545454	6	1
ASV5890	Bacteria	Acidobacteriota	Acidobacteriae	Terriglobales	Acidobacteriaceae (Subgroup 1)	Granulicella	NA	6	0.5454545454545454	6	1
ASV5894	Bacteria	Actinomycetota	Actinobacteria	Propionibacteriales	Propionibacteriaceae	Cutibacterium	NA	6	0.5454545454545454	6	1
ASV5895	Bacteria	Pseudomonadota	Gammaproteobacteria	Pseudomonadales	Moraxellaceae	Acinetobacter	NA	6	0.5454545454545454	6	1
ASV5916	Bacteria	Pseudomonadota	Alphaproteobacteria	Sphingomonadales	Sphingomonadaceae	Sphingobium	NA	6	0.5454545454545454	6	1
ASV5918	Bacteria	Bacillota	Bacilli	Lactobacillales	Lactobacillaceae	HT002	NA	6	0.5454545454545454	6	1
ASV5952	Bacteria	Pseudomonadota	Gammaproteobacteria	Burkholderiales	Comamonadaceae	Methylibium	NA	6	0.5454545454545454	6	1
ASV5956	Bacteria	Actinomycetota	Actinobacteria	Actinomycetales	Actinomycetaceae	Schaalia	NA	6	0.5454545454545454	6	1
ASV5957	Bacteria	Pseudomonadota	Gammaproteobacteria	Burkholderiales	Oxalobacteraceae	Noviherbaspirillum	NA	6	0.5454545454545454	6	1
ASV5968	Bacteria	Rhodothermota	Rhodothermia	Rhodothermales	Rhodothermaceae	NA	NA	6	0.5454545454545454	6	1
ASV5969	Bacteria	Actinomycetota	Actinobacteria	Propionibacteriales	Nocardioidaceae	Marmoricola	NA	6	0.5454545454545454	6	1
ASV5972	Bacteria	Bacillota	Clostridia	Peptostreptococcales-Tissierellales	Family XI	Finegoldia	NA	6	0.5454545454545454	6	1
ASV5989	Bacteria	Acidobacteriota	Blastocatellia	Blastocatellales	Blastocatellaceae	Blastocatella	NA	6	0.5454545454545454	6	1
ASV6001	Bacteria	Bacteroidota	Bacteroidia	Chitinophagales	Chitinophagaceae	Terrimonas	NA	6	0.5454545454545454	6	1
ASV6005	Bacteria	Acidobacteriota	Acidobacteriae	Terriglobales	Acidobacteriaceae (Subgroup 1)	Bryocella	NA	6	0.5454545454545454	6	1
ASV6040	Bacteria	Bacillota	Clostridia	Oscillospirales	Oscillospiraceae	UCG-005	NA	6	0.5454545454545454	6	1
ASV6136	Bacteria	Bacillota	Clostridia	Lachnospirales	Lachnospiraceae	Mediterraneibacter	NA	6	0.5454545454545454	6	1
ASV5458	Bacteria	Actinomycetota	Actinobacteria	Propionibacteriales	Propionibacteriaceae	Cutibacterium	NA	5	0.45454545454545453	5	1
ASV5778	Bacteria	Actinomycetota	Actinobacteria	Micrococcales	Intrasporangiaceae	Knoellia	NA	5	0.45454545454545453	5	1
ASV5781	Bacteria	Pseudomonadota	Gammaproteobacteria	Burkholderiales	Comamonadaceae	Variovorax	NA	5	0.45454545454545453	5	1
ASV5798	Bacteria	Actinomycetota	Actinobacteria	Micrococcales	Brevibacteriaceae	Brevibacterium	NA	5	0.45454545454545453	5	1
ASV5799	Bacteria	Pseudomonadota	Gammaproteobacteria	Burkholderiales	Oxalobacteraceae	Massilia	NA	5	0.45454545454545453	5	1
ASV5800	Bacteria	Bacillota	Bacilli	Lactobacillales	Streptococcaceae	Streptococcus	NA	5	0.45454545454545453	5	1
ASV5822	Bacteria	Bacteroidota	Bacteroidia	Chitinophagales	NA	NA	NA	5	0.45454545454545453	5	1
ASV5827	Bacteria	Pseudomonadota	Gammaproteobacteria	Burkholderiales	Comamonadaceae	Variovorax	NA	5	0.45454545454545453	5	1
ASV5868	Bacteria	Bacillota	Bacilli	Staphylococcales	Staphylococcaceae	Staphylococcus	NA	5	0.45454545454545453	5	1
ASV5871	Bacteria	Bacillota	Clostridia	Peptostreptococcales-Tissierellales	Peptostreptococcaceae	Terrisporobacter	NA	5	0.45454545454545453	5	1
ASV5891	Bacteria	Pseudomonadota	Gammaproteobacteria	Pseudomonadales	Moraxellaceae	Acinetobacter	NA	5	0.45454545454545453	5	1
ASV5917	Bacteria	Pseudomonadota	Gammaproteobacteria	Burkholderiales	SC-I-84	NA	NA	5	0.45454545454545453	5	1
ASV5987	Bacteria	Bacteroidota	Bacteroidia	Flavobacteriales	Flavobacteriaceae	Flavobacterium	NA	5	0.45454545454545453	5	1
ASV6052	Bacteria	Pseudomonadota	Gammaproteobacteria	Lysobacterales	Lysobacteraceae	Pseudoxanthomonas	gei	5	0.45454545454545453	5	1
ASV6054	Bacteria	Actinomycetota	Actinobacteria	Propionibacteriales	Propionibacteriaceae	Microlunatus	NA	5	0.45454545454545453	5	1
ASV6069	Bacteria	Patescibacteria	Saccharimonadia	Saccharimonadales	LWQ8	NA	NA	5	0.45454545454545453	5	1
ASV6099	Bacteria	Bacillota	Bacilli	Staphylococcales	Staphylococcaceae	Staphylococcus	NA	5	0.45454545454545453	5	1
ASV6114	Bacteria	Bacillota	Bacilli	Lactobacillales	Enterococcaceae	Enterococcus	NA	5	0.45454545454545453	5	1
ASV6115	Bacteria	Pseudomonadota	Gammaproteobacteria	Burkholderiales	Comamonadaceae	Rhodoferax	NA	5	0.45454545454545453	5	1
ASV6119	Bacteria	Actinomycetota	Actinobacteria	Propionibacteriales	Propionibacteriaceae	Microlunatus	NA	5	0.45454545454545453	5	1
ASV6134	Bacteria	Pseudomonadota	Gammaproteobacteria	Pseudomonadales	Marinobacteraceae	Marinobacter	NA	5	0.45454545454545453	5	1
ASV5413	Bacteria	Pseudomonadota	Gammaproteobacteria	Burkholderiales	Oxalobacteraceae	Massilia	NA	4	0.36363636363636365	4	1
ASV5613	Bacteria	Actinomycetota	Actinobacteria	Micrococcales	Dermacoccaceae	Dermacoccus	NA	4	0.36363636363636365	4	1
ASV5697	Bacteria	Actinomycetota	Actinobacteria	Mycobacteriales	Corynebacteriaceae	Corynebacterium	NA	4	0.36363636363636365	4	1
ASV5758	Bacteria	Actinomycetota	Actinobacteria	Micrococcales	Microbacteriaceae	Microbacterium	NA	4	0.36363636363636365	4	1
ASV5776	Bacteria	Pseudomonadota	Alphaproteobacteria	Caulobacterales	Hyphomonadaceae	Hirschia	NA	4	0.36363636363636365	4	1
ASV5780	Bacteria	Actinomycetota	Actinobacteria	Mycobacteriales	Corynebacteriaceae	Corynebacterium	NA	4	0.36363636363636365	4	1
ASV5842	Bacteria	Bacillota	Clostridia	Peptostreptococcales-Tissierellales	Family XI	Anaerococcus	NA	4	0.36363636363636365	4	1
ASV5870	Bacteria	Bacillota	Bacilli	Staphylococcales	Staphylococcaceae	Staphylococcus	NA	4	0.36363636363636365	4	1
ASV5887	Bacteria	Bacteroidota	Bacteroidia	Bacteroidales	Tannerellaceae	Parabacteroides	NA	4	0.36363636363636365	4	1
ASV5893	Bacteria	Pseudomonadota	Gammaproteobacteria	Burkholderiales	Comamonadaceae	Rhizobacter	NA	4	0.36363636363636365	4	1
ASV5912	Bacteria	Pseudomonadota	Alphaproteobacteria	Sphingomonadales	Sphingomonadaceae	NA	NA	4	0.36363636363636365	4	1
ASV5949	Bacteria	Pseudomonadota	Alphaproteobacteria	Hyphomicrobiales	Methyloligellaceae	NA	NA	4	0.36363636363636365	4	1
ASV5954	Bacteria	Pseudomonadota	Gammaproteobacteria	Burkholderiales	Comamonadaceae	Rhodoferax	NA	4	0.36363636363636365	4	1
ASV5955	Bacteria	Bacteroidota	Bacteroidia	Bacteroidales	Porphyromonadaceae	Porphyromonas	NA	4	0.36363636363636365	4	1
ASV6037	Bacteria	Actinomycetota	Actinobacteria	Micrococcales	Brevibacteriaceae	Brevibacterium	NA	4	0.36363636363636365	4	1
ASV6041	Bacteria	Actinomycetota	Actinobacteria	Actinomycetales	Actinomycetaceae	Actinomyces	NA	4	0.36363636363636365	4	1
ASV6057	Bacteria	Actinomycetota	Actinobacteria	Micrococcales	Micrococcaceae	Kocuria	NA	4	0.36363636363636365	4	1
ASV6076	Bacteria	Bdellovibrionota	Oligoflexia	0319-6G20	NA	NA	NA	4	0.36363636363636365	4	1
ASV6097	Bacteria	Bacteroidota	Bacteroidia	Bacteroidales	Prevotellaceae	NA	NA	4	0.36363636363636365	4	1
ASV6110	Bacteria	Actinomycetota	Thermoleophilia	Solirubrobacterales	67-14	NA	NA	4	0.36363636363636365	4	1
ASV6111	Bacteria	Actinomycetota	Acidimicrobiia	Microtrichales	Ilumatobacteraceae	CL500-29 marine group	NA	4	0.36363636363636365	4	1
ASV6137	Bacteria	Myxococcota	Polyangiia	Polyangiales	Polyangiaceae	NA	NA	4	0.36363636363636365	4	1
ASV6141	Bacteria	Actinomycetota	Actinobacteria	Mycobacteriales	Corynebacteriaceae	Corynebacterium	NA	4	0.36363636363636365	4	1
ASV6190	Bacteria	Actinomycetota	Actinobacteria	Frankiales	NA	NA	NA	4	0.36363636363636365	4	1
ASV6192	Bacteria	Actinomycetota	Thermoleophilia	Solirubrobacterales	Solirubrobacteraceae	Solirubrobacter	NA	4	0.36363636363636365	4	1
ASV6226	Bacteria	Actinomycetota	Actinobacteria	Micrococcales	Intrasporangiaceae	Ornithinimicrobium	flavum	4	0.36363636363636365	4	1
ASV5687	Bacteria	Cyanobacteriota	Vampirivibrionia	Obscuribacterales	Obscuribacteraceae	NA	NA	3	0.2727272727272727	3	1
ASV5735	Bacteria	Actinomycetota	Actinobacteria	Micrococcales	Micrococcaceae	Arthrobacter	NA	3	0.2727272727272727	3	1
ASV5757	Bacteria	Actinomycetota	Actinobacteria	Micrococcales	Micrococcaceae	Micrococcus	NA	3	0.2727272727272727	3	1
ASV5915	Bacteria	Pseudomonadota	Alphaproteobacteria	Acetobacterales	Acetobacteraceae	Rubritepida	NA	3	0.2727272727272727	3	1
ASV5933	Bacteria	Bacillota	Bacilli	Lactobacillales	Lactobacillaceae	Lactobacillus	NA	3	0.2727272727272727	3	1
ASV5951	Bacteria	Actinomycetota	Actinobacteria	Frankiales	NA	NA	NA	3	0.2727272727272727	3	1
ASV5971	Bacteria	Bacillota	Clostridia	Oscillospirales	Oscillospiraceae	UCG-005	NA	3	0.2727272727272727	3	1
ASV6004	Bacteria	Pseudomonadota	Alphaproteobacteria	Hyphomicrobiales	Beijerinckiaceae	Methylobacterium	NA	3	0.2727272727272727	3	1
ASV6017	Bacteria	Actinomycetota	Actinobacteria	Micrococcales	Micrococcaceae	Garicola	NA	3	0.2727272727272727	3	1
ASV6018	Bacteria	Actinomycetota	Actinobacteria	Propionibacteriales	Nocardioidaceae	Nocardioides	NA	3	0.2727272727272727	3	1
ASV6051	Bacteria	Bacteroidota	Bacteroidia	Bacteroidales	Bacteroidaceae	Bacteroides	eggerthii	3	0.2727272727272727	3	1
ASV6056	Bacteria	Chloroflexota	Chloroflexia	Thermomicrobiales	JG30-KF-CM45	NA	NA	3	0.2727272727272727	3	1
ASV6093	Bacteria	Actinomycetota	Actinobacteria	Micrococcales	Micrococcaceae	Micrococcus	NA	3	0.2727272727272727	3	1
ASV6096	Bacteria	Acidobacteriota	Blastocatellia	Blastocatellales	Blastocatellaceae	Blastocatella	NA	3	0.2727272727272727	3	1
ASV6100	Bacteria	Bacillota	Bacilli	Bacillales	Bacillaceae	Weizmannia	NA	3	0.2727272727272727	3	1
ASV6112	Bacteria	Actinomycetota	Thermoleophilia	Solirubrobacterales	Solirubrobacteraceae	Conexibacter	NA	3	0.2727272727272727	3	1
ASV6138	Bacteria	Actinomycetota	Actinobacteria	Frankiales	Frankiaceae	Jatrophihabitans	NA	3	0.2727272727272727	3	1
ASV6155	Bacteria	Bacteroidota	Bacteroidia	Flavobacteriales	Flavobacteriaceae	Flavobacterium	NA	3	0.2727272727272727	3	1
ASV6157	Bacteria	Pseudomonadota	Gammaproteobacteria	Burkholderiales	Oxalobacteraceae	Massilia	NA	3	0.2727272727272727	3	1
ASV6159	Bacteria	Chloroflexota	Chloroflexia	Thermomicrobiales	JG30-KF-CM45	NA	NA	3	0.2727272727272727	3	1
ASV6161	Bacteria	Pseudomonadota	Alphaproteobacteria	Hyphomicrobiales	Beijerinckiaceae	alphaI cluster	NA	3	0.2727272727272727	3	1
ASV6185	Bacteria	Actinomycetota	Actinobacteria	Kineosporiales	Kineosporiaceae	Angustibacter	NA	3	0.2727272727272727	3	1
ASV6228	Bacteria	Chloroflexota	KD4-96	NA	NA	NA	NA	3	0.2727272727272727	3	1
ASV6232	Bacteria	Acidobacteriota	Vicinamibacteria	Vicinamibacterales	NA	NA	NA	3	0.2727272727272727	3	1
ASV6259	Bacteria	Bacteroidota	Bacteroidia	Cytophagales	Hymenobacteraceae	Hymenobacter	NA	3	0.2727272727272727	3	1
ASV6299	Bacteria	Acidobacteriota	Vicinamibacteria	Vicinamibacterales	NA	NA	NA	3	0.2727272727272727	3	1
ASV6306	Bacteria	Pseudomonadota	Gammaproteobacteria	Burkholderiales	Oxalobacteraceae	s3t2d-1089	NA	3	0.2727272727272727	3	1
ASV5736	Bacteria	Pseudomonadota	Gammaproteobacteria	Burkholderiales	Comamonadaceae	Methylibium	NA	2	0.18181818181818182	2	1
ASV5869	Bacteria	Bacillota	Bacilli	Lactobacillales	Enterococcaceae	Enterococcus	NA	2	0.18181818181818182	2	1
ASV5872	Bacteria	Chloroflexota	Gitt-GS-136	NA	NA	NA	NA	2	0.18181818181818182	2	1
ASV5914	Bacteria	Pseudomonadota	Gammaproteobacteria	Burkholderiales	Comamonadaceae	Polaromonas	NA	2	0.18181818181818182	2	1
ASV5950	Bacteria	Actinomycetota	Actinobacteria	Micrococcales	Micrococcaceae	Pseudarthrobacter	NA	2	0.18181818181818182	2	1
ASV5970	Bacteria	Pseudomonadota	Gammaproteobacteria	Burkholderiales	Oxalobacteraceae	Massilia	NA	2	0.18181818181818182	2	1
ASV6000	Bacteria	Pseudomonadota	Alphaproteobacteria	Hyphomicrobiales	Beijerinckiaceae	Methylobacterium	NA	2	0.18181818181818182	2	1
ASV6036	Bacteria	Bacteroidota	Bacteroidia	Flavobacteriales	Weeksellaceae	Chryseobacterium	NA	2	0.18181818181818182	2	1
ASV6055	Bacteria	Actinomycetota	Actinobacteria	Micrococcales	Microbacteriaceae	Microbacterium	NA	2	0.18181818181818182	2	1
ASV6073	Bacteria	Actinomycetota	Actinobacteria	Frankiales	Acidothermaceae	Acidothermus	NA	2	0.18181818181818182	2	1
ASV6074	Bacteria	Actinomycetota	Actinobacteria	Mycobacteriales	Corynebacteriaceae	Corynebacterium	NA	2	0.18181818181818182	2	1
ASV6092	Bacteria	Pseudomonadota	Gammaproteobacteria	Burkholderiales	Comamonadaceae	Rhizobacter	NA	2	0.18181818181818182	2	1
ASV6098	Bacteria	Pseudomonadota	Gammaproteobacteria	Pseudomonadales	Moraxellaceae	Alkanindiges	NA	2	0.18181818181818182	2	1
ASV6113	Bacteria	Actinomycetota	Actinobacteria	Frankiales	Geodermatophilaceae	Blastococcus	NA	2	0.18181818181818182	2	1
ASV6116	Bacteria	Actinomycetota	Actinobacteria	Propionibacteriales	Propionibacteriaceae	NA	NA	2	0.18181818181818182	2	1
ASV6117	Bacteria	Bacillota	Negativicutes	Veillonellales-Selenomonadales	Selenomonadaceae	Megamonas	NA	2	0.18181818181818182	2	1
ASV6121	Bacteria	Actinomycetota	Actinobacteria	Frankiales	Frankiaceae	Jatrophihabitans	NA	2	0.18181818181818182	2	1
ASV6125	Bacteria	Fusobacteriota	Fusobacteriia	Fusobacteriales	Fusobacteriaceae	Fusobacterium	NA	2	0.18181818181818182	2	1
ASV6135	Bacteria	Bacteroidota	Bacteroidia	Cytophagales	Spirosomataceae	Spirosoma	NA	2	0.18181818181818182	2	1
ASV6139	Bacteria	Pseudomonadota	Alphaproteobacteria	Hyphomicrobiales	Rhizobiaceae	Mesorhizobium	NA	2	0.18181818181818182	2	1
ASV6144	Bacteria	Planctomycetota	Planctomycetes	Pirellulales	Pirellulaceae	Pir4 lineage	NA	2	0.18181818181818182	2	1
ASV6160	Bacteria	Actinomycetota	Thermoleophilia	Solirubrobacterales	Solirubrobacteraceae	Paraconexibacter	NA	2	0.18181818181818182	2	1
ASV6163	Bacteria	Pseudomonadota	Gammaproteobacteria	Lysobacterales	Rhodanobacteraceae	Chiayiivirga	NA	2	0.18181818181818182	2	1
ASV6177	Bacteria	Pseudomonadota	Gammaproteobacteria	Lysobacterales	Rhodanobacteraceae	NA	NA	2	0.18181818181818182	2	1
ASV6178	Bacteria	Bacillota	Clostridia	Lachnospirales	Lachnospiraceae	Blautia	NA	2	0.18181818181818182	2	1
ASV6180	Bacteria	Thermodesulfobacteriota	NA	NA	NA	NA	NA	2	0.18181818181818182	2	1
ASV6181	Bacteria	Patescibacteria	Saccharimonadia	Saccharimonadales	NA	NA	NA	2	0.18181818181818182	2	1
ASV6182	Bacteria	Patescibacteria	Saccharimonadia	Saccharimonadales	LWQ8	NA	NA	2	0.18181818181818182	2	1
ASV6183	Bacteria	Bacillota	Clostridia	Lachnospirales	Lachnospiraceae	Lachnospiraceae UCG-004	NA	2	0.18181818181818182	2	1
ASV6184	Bacteria	Verrucomicrobiota	Verrucomicrobiia	Verrucomicrobiales	Rubritaleaceae	Luteolibacter	NA	2	0.18181818181818182	2	1
ASV6221	Bacteria	Cyanobacteriota	Sericytochromatia	NA	NA	NA	NA	2	0.18181818181818182	2	1
ASV6234	Bacteria	Pseudomonadota	Alphaproteobacteria	Elsterales	URHD0088	NA	NA	2	0.18181818181818182	2	1
ASV6251	Bacteria	Patescibacteria	Saccharimonadia	Saccharimonadales	Saccharimonadaceae	TM7a	NA	2	0.18181818181818182	2	1
ASV6252	Bacteria	Pseudomonadota	Gammaproteobacteria	Lysobacterales	Lysobacteraceae	Pseudoxanthomonas	NA	2	0.18181818181818182	2	1
ASV6253	Bacteria	Pseudomonadota	Gammaproteobacteria	Burkholderiales	SC-I-84	NA	NA	2	0.18181818181818182	2	1
ASV6257	Bacteria	Patescibacteria	Saccharimonadia	Saccharimonadales	Saccharimonadaceae	TM7a	NA	2	0.18181818181818182	2	1
ASV6260	Bacteria	Bacteroidota	Bacteroidia	Chitinophagales	Chitinophagaceae	Ferruginibacter	NA	2	0.18181818181818182	2	1
ASV6263	Bacteria	Bacillota	Bacilli	Paenibacillales	Paenibacillaceae	Paenibacillus	NA	2	0.18181818181818182	2	1
ASV6264	Bacteria	Chlamydiota	Chlamydiia	Chlamydiales	Parachlamydiaceae	NA	NA	2	0.18181818181818182	2	1
ASV6266	Bacteria	Bacteroidota	Bacteroidia	Cytophagales	Hymenobacteraceae	Hymenobacter	NA	2	0.18181818181818182	2	1
ASV6289	Bacteria	Pseudomonadota	Gammaproteobacteria	Steroidobacterales	Steroidobacteraceae	Steroidobacter	NA	2	0.18181818181818182	2	1
ASV6291	Bacteria	Actinomycetota	Actinobacteria	Bifidobacteriales	Bifidobacteriaceae	Bifidobacterium	NA	2	0.18181818181818182	2	1
ASV6292	Bacteria	Patescibacteria	Saccharimonadia	Saccharimonadales	LWQ8	NA	NA	2	0.18181818181818182	2	1
ASV6293	Bacteria	Cyanobacteriota	Cyanobacteriia	Leptolyngbyales	Leptolyngbyaceae	Leptolyngbya ANT.L52.2	NA	2	0.18181818181818182	2	1
ASV6304	Bacteria	Bacillota	Clostridia	Peptostreptococcales-Tissierellales	Family XI	Anaerococcus	NA	2	0.18181818181818182	2	1
ASV6321	Bacteria	Pseudomonadota	Alphaproteobacteria	Rhodobacterales	Paracoccaceae	Paracoccus	NA	2	0.18181818181818182	2	1
ASV6326	Bacteria	Chloroflexota	Chloroflexia	Thermomicrobiales	NA	NA	NA	2	0.18181818181818182	2	1
ASV6332	Bacteria	Bacillota	Clostridia	Peptostreptococcales-Tissierellales	Anaerovoracaceae	Family XIII AD3011 group	NA	2	0.18181818181818182	2	1
ASV6337	Bacteria	Chloroflexota	Anaerolineae	Aggregatilineales	A4b	NA	NA	2	0.18181818181818182	2	1
ASV6338	Bacteria	Bacillota	Clostridia	Peptostreptococcales-Tissierellales	Family XI	Finegoldia	NA	2	0.18181818181818182	2	1
ASV6340	Bacteria	Actinomycetota	Actinobacteria	Frankiales	Geodermatophilaceae	Modestobacter	NA	2	0.18181818181818182	2	1
ASV6003	Bacteria	Pseudomonadota	Gammaproteobacteria	Pseudomonadales	Pseudomonadaceae	Pseudomonas	NA	1	0.09090909090909091	1	1
ASV6038	Bacteria	Bacillota	Bacilli	Staphylococcales	Staphylococcaceae	Nosocomiicoccus	NA	1	0.09090909090909091	1	1
ASV6039	Bacteria	Actinomycetota	Thermoleophilia	Solirubrobacterales	67-14	NA	NA	1	0.09090909090909091	1	1
ASV6070	Bacteria	Pseudomonadota	Alphaproteobacteria	Hyphomicrobiales	Xanthobacteraceae	Bradyrhizobium	NA	1	0.09090909090909091	1	1
ASV6091	Bacteria	Pseudomonadota	Gammaproteobacteria	R7C24	NA	NA	NA	1	0.09090909090909091	1	1
ASV6094	Bacteria	Deinococcota	Deinococci	Deinococcales	Deinococcaceae	Deinococcus	NA	1	0.09090909090909091	1	1
ASV6095	Bacteria	Actinomycetota	Acidimicrobiia	Microtrichales	Iamiaceae	Aquihabitans	NA	1	0.09090909090909091	1	1
ASV6154	Bacteria	Myxococcota	Polyangiia	Polyangiales	Polyangiaceae	Aetherobacter	NA	1	0.09090909090909091	1	1
ASV6162	Bacteria	Pseudomonadota	Gammaproteobacteria	Burkholderiales	Oxalobacteraceae	Massilia	NA	1	0.09090909090909091	1	1
ASV6186	Bacteria	Actinomycetota	Actinobacteria	Propionibacteriales	Nocardioidaceae	Nocardioides	NA	1	0.09090909090909091	1	1
ASV6187	Bacteria	Bacillota	Clostridia	Incertae Sedis	Incertae Sedis	Lutispora	NA	1	0.09090909090909091	1	1
ASV6189	Bacteria	Actinomycetota	Actinobacteria	Actinomycetales	Actinomycetaceae	Actinomyces	NA	1	0.09090909090909091	1	1
ASV6213	Bacteria	Pseudomonadota	Gammaproteobacteria	Gammaproteobacteria Incertae Sedis	Unknown Family	Acidibacter	NA	1	0.09090909090909091	1	1
ASV6214	Bacteria	Pseudomonadota	Gammaproteobacteria	Lysobacterales	Lysobacteraceae	Pseudoxanthomonas	taiwanensis	1	0.09090909090909091	1	1
ASV6216	Bacteria	Actinomycetota	Actinobacteria	Propionibacteriales	Propionibacteriaceae	Luteococcus	sanguinis	1	0.09090909090909091	1	1
ASV6220	Bacteria	Bacillota	Clostridia	Oscillospirales	Oscillospiraceae	Fastidiosipila	NA	1	0.09090909090909091	1	1
ASV6224	Bacteria	Pseudomonadota	Alphaproteobacteria	Hyphomicrobiales	Xanthobacteraceae	Rhodoplanes	NA	1	0.09090909090909091	1	1
ASV6225	Bacteria	Actinomycetota	Thermoleophilia	Solirubrobacterales	Solirubrobacteraceae	NA	NA	1	0.09090909090909091	1	1
ASV6227	Bacteria	Chloroflexota	Chloroflexia	Thermomicrobiales	JG30-KF-CM45	NA	NA	1	0.09090909090909091	1	1
ASV6229	Bacteria	Actinomycetota	Actinobacteria	Propionibacteriales	Nocardioidaceae	Nocardioides	NA	1	0.09090909090909091	1	1
ASV6231	Bacteria	Chloroflexota	Chloroflexia	Kallotenuales	AKIW781	NA	NA	1	0.09090909090909091	1	1
ASV6233	Bacteria	Chloroflexota	Anaerolineae	Anaerolineales	Anaerolineaceae	Anaerolinea	NA	1	0.09090909090909091	1	1
ASV6236	Bacteria	Actinomycetota	Actinobacteria	Micrococcales	Microbacteriaceae	Pseudoclavibacter	NA	1	0.09090909090909091	1	1
ASV6237	Bacteria	Actinomycetota	Actinobacteria	Propionibacteriales	Propionibacteriaceae	Microlunatus	NA	1	0.09090909090909091	1	1
ASV6247	Bacteria	Deinococcota	Deinococci	Deinococcales	Deinococcaceae	Deinococcus	NA	1	0.09090909090909091	1	1
ASV6248	Bacteria	Actinomycetota	Actinobacteria	Micrococcales	Microbacteriaceae	Microbacterium	NA	1	0.09090909090909091	1	1
ASV6256	Bacteria	Pseudomonadota	Alphaproteobacteria	Caulobacterales	Caulobacteraceae	Asticcacaulis	benevestitus	1	0.09090909090909091	1	1
ASV6258	Bacteria	Pseudomonadota	Gammaproteobacteria	Burkholderiales	Comamonadaceae	Curvibacter	NA	1	0.09090909090909091	1	1
ASV6261	Bacteria	Actinomycetota	Actinobacteria	Micrococcales	Micrococcaceae	Micrococcus	NA	1	0.09090909090909091	1	1
ASV6262	Bacteria	Pseudomonadota	Alphaproteobacteria	Hyphomicrobiales	Hyphomicrobiales Incertae Sedis	Bauldia	NA	1	0.09090909090909091	1	1
ASV6265	Bacteria	Pseudomonadota	Alphaproteobacteria	Caulobacterales	Caulobacteraceae	NA	NA	1	0.09090909090909091	1	1
ASV6285	Bacteria	Actinomycetota	Actinobacteria	Propionibacteriales	Propionibacteriaceae	Propioniciclava	NA	1	0.09090909090909091	1	1
ASV6286	Bacteria	Chlamydiota	Chlamydiia	Chlamydiales	Parachlamydiaceae	Candidatus Protochlamydia	NA	1	0.09090909090909091	1	1
ASV6295	Bacteria	Actinomycetota	Acidimicrobiia	Microtrichales	Ilumatobacteraceae	Desertimonas	NA	1	0.09090909090909091	1	1
ASV6296	Bacteria	Pseudomonadota	Gammaproteobacteria	Rickettsiellales	Rickettsiellaceae	Aquicella	NA	1	0.09090909090909091	1	1
ASV6297	Bacteria	Bacteroidota	Bacteroidia	Cytophagales	Hymenobacteraceae	Hymenobacter	NA	1	0.09090909090909091	1	1
ASV6298	Bacteria	Bacteroidota	Bacteroidia	Bacteroidales	Porphyromonadaceae	Porphyromonas	NA	1	0.09090909090909091	1	1
ASV6301	Bacteria	Bacteroidota	Bacteroidia	Chitinophagales	Chitinophagaceae	Flavisolibacter	NA	1	0.09090909090909091	1	1
ASV6302	Bacteria	Cyanobacteriota	Cyanobacteriia	Leptolyngbyales	Leptolyngbyaceae	RD011	NA	1	0.09090909090909091	1	1
ASV6303	Bacteria	Pseudomonadota	Alphaproteobacteria	Acetobacterales	Acetobacteraceae	Acidiphilium	NA	1	0.09090909090909091	1	1
ASV6305	Bacteria	Actinomycetota	Actinobacteria	Mycobacteriales	NA	NA	NA	1	0.09090909090909091	1	1
ASV6323	Bacteria	Chloroflexota	Anaerolineae	Aggregatilineales	A4b	NA	NA	1	0.09090909090909091	1	1
ASV6325	Bacteria	Deinococcota	Deinococci	Thermales	Thermaceae	Meiothermus	NA	1	0.09090909090909091	1	1
ASV6328	Bacteria	Chloroflexota	Chloroflexia	Thermomicrobiales	JG30-KF-CM45	NA	NA	1	0.09090909090909091	1	1
ASV6329	Bacteria	Pseudomonadota	Alphaproteobacteria	Rickettsiales	SM2D12	NA	NA	1	0.09090909090909091	1	1
ASV6330	Bacteria	Bacteroidota	Bacteroidia	Bacteroidales	Porphyromonadaceae	Porphyromonas	somerae	1	0.09090909090909091	1	1
ASV6336	Bacteria	Pseudomonadota	Alphaproteobacteria	Hyphomicrobiales	KF-JG30-B3	NA	NA	1	0.09090909090909091	1	1
ASV6339	Bacteria	Actinomycetota	Actinobacteria	Mycobacteriales	Corynebacteriaceae	Corynebacterium	NA	1	0.09090909090909091	1	1
ASV6362	Bacteria	Pseudomonadota	Gammaproteobacteria	Burkholderiales	Comamonadaceae	Comamonas	NA	1	0.09090909090909091	1	1
ASV6363	Bacteria	Chloroflexota	KD4-96	NA	NA	NA	NA	1	0.09090909090909091	1	1
